[{"model": "auth.permission", "pk": 1, "fields": {"name": "Can add log entry", "content_type": 1, "codename": "add_logentry"}}, {"model": "auth.permission", "pk": 2, "fields": {"name": "Can change log entry", "content_type": 1, "codename": "change_logentry"}}, {"model": "auth.permission", "pk": 3, "fields": {"name": "Can delete log entry", "content_type": 1, "codename": "delete_logentry"}}, {"model": "auth.permission", "pk": 4, "fields": {"name": "Can view log entry", "content_type": 1, "codename": "view_logentry"}}, {"model": "auth.permission", "pk": 5, "fields": {"name": "Can add permission", "content_type": 2, "codename": "add_permission"}}, {"model": "auth.permission", "pk": 6, "fields": {"name": "Can change permission", "content_type": 2, "codename": "change_permission"}}, {"model": "auth.permission", "pk": 7, "fields": {"name": "Can delete permission", "content_type": 2, "codename": "delete_permission"}}, {"model": "auth.permission", "pk": 8, "fields": {"name": "Can view permission", "content_type": 2, "codename": "view_permission"}}, {"model": "auth.permission", "pk": 9, "fields": {"name": "Can add group", "content_type": 3, "codename": "add_group"}}, {"model": "auth.permission", "pk": 10, "fields": {"name": "Can change group", "content_type": 3, "codename": "change_group"}}, {"model": "auth.permission", "pk": 11, "fields": {"name": "Can delete group", "content_type": 3, "codename": "delete_group"}}, {"model": "auth.permission", "pk": 12, "fields": {"name": "Can view group", "content_type": 3, "codename": "view_group"}}, {"model": "auth.permission", "pk": 13, "fields": {"name": "Can add content type", "content_type": 4, "codename": "add_contenttype"}}, {"model": "auth.permission", "pk": 14, "fields": {"name": "Can change content type", "content_type": 4, "codename": "change_contenttype"}}, {"model": "auth.permission", "pk": 15, "fields": {"name": "Can delete content type", "content_type": 4, "codename": "delete_contenttype"}}, {"model": "auth.permission", "pk": 16, "fields": {"name": "Can view content type", "content_type": 4, "codename": "view_contenttype"}}, {"model": "auth.permission", "pk": 17, "fields": {"name": "Can add session", "content_type": 5, "codename": "add_session"}}, {"model": "auth.permission", "pk": 18, "fields": {"name": "Can change session", "content_type": 5, "codename": "change_session"}}, {"model": "auth.permission", "pk": 19, "fields": {"name": "Can delete session", "content_type": 5, "codename": "delete_session"}}, {"model": "auth.permission", "pk": 20, "fields": {"name": "Can view session", "content_type": 5, "codename": "view_session"}}, {"model": "auth.permission", "pk": 21, "fields": {"name": "Can add user", "content_type": 6, "codename": "add_user"}}, {"model": "auth.permission", "pk": 22, "fields": {"name": "Can change user", "content_type": 6, "codename": "change_user"}}, {"model": "auth.permission", "pk": 23, "fields": {"name": "Can delete user", "content_type": 6, "codename": "delete_user"}}, {"model": "auth.permission", "pk": 24, "fields": {"name": "Can view user", "content_type": 6, "codename": "view_user"}}, {"model": "auth.permission", "pk": 25, "fields": {"name": "Can add notifications", "content_type": 7, "codename": "add_notifications"}}, {"model": "auth.permission", "pk": 26, "fields": {"name": "Can change notifications", "content_type": 7, "codename": "change_notifications"}}, {"model": "auth.permission", "pk": 27, "fields": {"name": "Can delete notifications", "content_type": 7, "codename": "delete_notifications"}}, {"model": "auth.permission", "pk": 28, "fields": {"name": "Can view notifications", "content_type": 7, "codename": "view_notifications"}}, {"model": "auth.permission", "pk": 29, "fields": {"name": "Can add comments", "content_type": 8, "codename": "add_comments"}}, {"model": "auth.permission", "pk": 30, "fields": {"name": "Can change comments", "content_type": 8, "codename": "change_comments"}}, {"model": "auth.permission", "pk": 31, "fields": {"name": "Can delete comments", "content_type": 8, "codename": "delete_comments"}}, {"model": "auth.permission", "pk": 32, "fields": {"name": "Can view comments", "content_type": 8, "codename": "view_comments"}}, {"model": "auth.permission", "pk": 33, "fields": {"name": "Can add property", "content_type": 9, "codename": "add_property"}}, {"model": "auth.permission", "pk": 34, "fields": {"name": "Can change property", "content_type": 9, "codename": "change_property"}}, {"model": "auth.permission", "pk": 35, "fields": {"name": "Can delete property", "content_type": 9, "codename": "delete_property"}}, {"model": "auth.permission", "pk": 36, "fields": {"name": "Can view property", "content_type": 9, "codename": "view_property"}}, {"model": "auth.permission", "pk": 37, "fields": {"name": "Can add prop image", "content_type": 10, "codename": "add_propimage"}}, {"model": "auth.permission", "pk": 38, "fields": {"name": "Can change prop image", "content_type": 10, "codename": "change_propimage"}}, {"model": "auth.permission", "pk": 39, "fields": {"name": "Can delete prop image", "content_type": 10, "codename": "delete_propimage"}}, {"model": "auth.permission", "pk": 40, "fields": {"name": "Can view prop image", "content_type": 10, "codename": "view_propimage"}}, {"model": "auth.permission", "pk": 41, "fields": {"name": "Can add reservations", "content_type": 11, "codename": "add_reservations"}}, {"model": "auth.permission", "pk": 42, "fields": {"name": "Can change reservations", "content_type": 11, "codename": "change_reservations"}}, {"model": "auth.permission", "pk": 43, "fields": {"name": "Can delete reservations", "content_type": 11, "codename": "delete_reservations"}}, {"model": "auth.permission", "pk": 44, "fields": {"name": "Can view reservations", "content_type": 11, "codename": "view_reservations"}}, {"model": "contenttypes.contenttype", "pk": 1, "fields": {"app_label": "admin", "model": "logentry"}}, {"model": "contenttypes.contenttype", "pk": 2, "fields": {"app_label": "auth", "model": "permission"}}, {"model": "contenttypes.contenttype", "pk": 3, "fields": {"app_label": "auth", "model": "group"}}, {"model": "contenttypes.contenttype", "pk": 4, "fields": {"app_label": "contenttypes", "model": "contenttype"}}, {"model": "contenttypes.contenttype", "pk": 5, "fields": {"app_label": "sessions", "model": "session"}}, {"model": "contenttypes.contenttype", "pk": 6, "fields": {"app_label": "accounts", "model": "user"}}, {"model": "contenttypes.contenttype", "pk": 7, "fields": {"app_label": "notifications", "model": "notifications"}}, {"model": "contenttypes.contenttype", "pk": 8, "fields": {"app_label": "comments", "model": "comments"}}, {"model": "contenttypes.contenttype", "pk": 9, "fields": {"app_label": "property", "model": "property"}}, {"model": "contenttypes.contenttype", "pk": 10, "fields": {"app_label": "property", "model": "propimage"}}, {"model": "contenttypes.contenttype", "pk": 11, "fields": {"app_label": "reservations", "model": "reservations"}}, {"model": "accounts.user", "pk": 1, "fields": {"password": "pbkdf2_sha256$390000$GzlSNHEMSpdMcxRkjzn0bg$AQzDvEVm+pk68/3zc7hGZs4o1aM/2rPs0X/5hWjFdI8=", "last_login": null, "is_superuser": false, "is_staff": false, "is_active": true, "date_joined": "2023-04-15T01:12:52.024Z", "email": "j1@123.com", "phone": "647-879-8035", "avatar": "portrait/__original_drawn_by_mechari__sample-c59759d25f82d3e2a2c1bd91e2cd1524.jpg", "first_name": "j", "last_name": "z", "rating": 0.0, "groups": [], "user_permissions": []}}, {"model": "accounts.user", "pk": 2, "fields": {"password": "pbkdf2_sha256$390000$VKTGmNxUC0dTzZg2AWNTEf$2doSVH6RgY0QuQOWNAHWPVKN6Z5N5/juNTbOscJ43lw=", "last_login": null, "is_superuser": false, "is_staff": false, "is_active": true, "date_joined": "2023-04-16T21:12:44.802Z", "email": "j2@123.com", "phone": "647-879-9999", "avatar": "portrait/f9d17fa3487caddef3dea910dc4ab0a62cfb68d5.png942w_531h_progressive.png", "first_name": "j2", "last_name": "z", "rating": 0.0, "groups": [], "user_permissions": []}}, {"model": "accounts.user", "pk": 3, "fields": {"password": "pbkdf2_sha256$390000$XGDud0YJqoZaHE4GpwSNmx$yaoM1TrxnLQjm2FxZcg//37GXDYsQsELgF9OroHIUe0=", "last_login": null, "is_superuser": false, "is_staff": false, "is_active": true, "date_joined": "2023-04-18T03:07:22.521Z", "email": "j3@123.com", "phone": "647-879-8888", "avatar": "portrait/R29BUFlLbGNYSVo1MVVFRzdVajRMNlBJRC8rVlVwVVdNMTZydnNtWU1jWnJPTGkrZ1JkMnl3PT0.jpg", "first_name": "hi", "last_name": "hii", "rating": 0.0, "groups": [], "user_permissions": []}}, {"model": "accounts.user", "pk": 4, "fields": {"password": "pbkdf2_sha256$390000$La3qLge1VVuBC1OtUwrFju$sMXXhYhVTa2BOnwKP6Ui7u36hjIw8IB217xItFOxfg4=", "last_login": null, "is_superuser": false, "is_staff": false, "is_active": true, "date_joined": "2023-04-18T03:15:12.209Z", "email": "j4@123.com", "phone": "647-879-7777", "avatar": "portrait/WechatIMG9973.jpeg", "first_name": "ef", "last_name": "agrga", "rating": 0.0, "groups": [], "user_permissions": []}}, {"model": "notifications.notifications", "pk": 2, "fields": {"receiver": 1, "content": "You have a new reservation on your property. Please click to check it.", "created_time": "2023-04-16T21:30:16.207Z", "content_type": 11, "object_id": 2}}, {"model": "notifications.notifications", "pk": 3, "fields": {"receiver": 2, "content": "Your pending reservation request is approved. Please click to check it.", "created_time": "2023-04-16T21:34:00.472Z", "content_type": 11, "object_id": 2}}, {"model": "notifications.notifications", "pk": 4, "fields": {"receiver": 2, "content": "Your reservation has been terminated. Please click to check it.", "created_time": "2023-04-16T21:34:45.725Z", "content_type": 11, "object_id": 2}}, {"model": "notifications.notifications", "pk": 6, "fields": {"receiver": 2, "content": "You have a new reply on your property. Please click to check it.", "created_time": "2023-04-16T21:41:22.174Z", "content_type": 9, "object_id": 2}}, {"model": "notifications.notifications", "pk": 8, "fields": {"receiver": 1, "content": "You have a new reservation on your property. Please click to check it.", "created_time": "2023-04-16T22:43:31.088Z", "content_type": 11, "object_id": 4}}, {"model": "notifications.notifications", "pk": 10, "fields": {"receiver": 1, "content": "Your pending reservation request is approved. Please click to check it.", "created_time": "2023-04-17T21:23:51.327Z", "content_type": 11, "object_id": 5}}, {"model": "notifications.notifications", "pk": 11, "fields": {"receiver": 1, "content": "Your reservation has been terminated. Please click to check it.", "created_time": "2023-04-17T21:24:17.754Z", "content_type": 11, "object_id": 5}}, {"model": "notifications.notifications", "pk": 12, "fields": {"receiver": 1, "content": "You have a new comment on your property. Please click to check it.", "created_time": "2023-04-17T21:24:38.865Z", "content_type": 9, "object_id": 5}}, {"model": "notifications.notifications", "pk": 13, "fields": {"receiver": 1, "content": "You have a new reservation on your property. Please click to check it.", "created_time": "2023-04-17T21:26:49.513Z", "content_type": 11, "object_id": 6}}, {"model": "notifications.notifications", "pk": 15, "fields": {"receiver": 1, "content": "Your reservation has been terminated. Please click to check it.", "created_time": "2023-04-17T21:27:04.202Z", "content_type": 11, "object_id": 6}}, {"model": "notifications.notifications", "pk": 17, "fields": {"receiver": 1, "content": "You have a new reply on your property. Please click to check it.", "created_time": "2023-04-17T21:35:07.168Z", "content_type": 9, "object_id": 2}}, {"model": "notifications.notifications", "pk": 20, "fields": {"receiver": 1, "content": "You have a new reply on your property. Please click to check it.", "created_time": "2023-04-17T21:46:19.931Z", "content_type": 9, "object_id": 2}}, {"model": "notifications.notifications", "pk": 23, "fields": {"receiver": 2, "content": "Your pending reservation request is approved. Please click to check it.", "created_time": "2023-04-17T21:55:43.296Z", "content_type": 11, "object_id": 7}}, {"model": "notifications.notifications", "pk": 24, "fields": {"receiver": 2, "content": "Your reservation has been terminated. Please click to check it.", "created_time": "2023-04-17T21:55:50.522Z", "content_type": 11, "object_id": 7}}, {"model": "notifications.notifications", "pk": 25, "fields": {"receiver": 1, "content": "You have a new comment on your property. Please click to check it.", "created_time": "2023-04-17T21:56:11.707Z", "content_type": 9, "object_id": 3}}, {"model": "notifications.notifications", "pk": 26, "fields": {"receiver": 2, "content": "You have a new reply on your property. Please click to check it.", "created_time": "2023-04-17T21:56:47.948Z", "content_type": 9, "object_id": 3}}, {"model": "notifications.notifications", "pk": 27, "fields": {"receiver": 2, "content": "You have a new reply on your property. Please click to check it.", "created_time": "2023-04-17T21:58:46.095Z", "content_type": 9, "object_id": 2}}, {"model": "notifications.notifications", "pk": 28, "fields": {"receiver": 2, "content": "You have a new reply on your property. Please click to check it.", "created_time": "2023-04-17T22:13:01.366Z", "content_type": 9, "object_id": 2}}, {"model": "notifications.notifications", "pk": 30, "fields": {"receiver": 2, "content": "Your pending reservation request is approved. Please click to check it.", "created_time": "2023-04-17T22:30:11.906Z", "content_type": 11, "object_id": 8}}, {"model": "notifications.notifications", "pk": 31, "fields": {"receiver": 2, "content": "Your reservation has been terminated. Please click to check it.", "created_time": "2023-04-17T22:30:16.741Z", "content_type": 11, "object_id": 8}}, {"model": "notifications.notifications", "pk": 32, "fields": {"receiver": 2, "content": "You have a new reservation on your property. Please click to check it.", "created_time": "2023-04-17T23:07:01.540Z", "content_type": 11, "object_id": 9}}, {"model": "notifications.notifications", "pk": 33, "fields": {"receiver": 2, "content": "You have a new reservation on your property. Please click to check it.", "created_time": "2023-04-17T23:29:04.930Z", "content_type": 11, "object_id": 10}}, {"model": "notifications.notifications", "pk": 34, "fields": {"receiver": 2, "content": "Your pending reservation request is denied. Please click to check it.", "created_time": "2023-04-17T23:29:11.704Z", "content_type": 11, "object_id": 10}}, {"model": "notifications.notifications", "pk": 35, "fields": {"receiver": 2, "content": "Your pending reservation request is denied. Please click to check it.", "created_time": "2023-04-17T23:29:17.194Z", "content_type": 11, "object_id": 9}}, {"model": "notifications.notifications", "pk": 36, "fields": {"receiver": 3, "content": "You have a new reservation on your property. Please click to check it.", "created_time": "2023-04-18T03:17:37.411Z", "content_type": 11, "object_id": 11}}, {"model": "notifications.notifications", "pk": 37, "fields": {"receiver": 3, "content": "You have a new reservation on your property. Please click to check it.", "created_time": "2023-04-18T03:18:23.186Z", "content_type": 11, "object_id": 12}}, {"model": "notifications.notifications", "pk": 38, "fields": {"receiver": 4, "content": "Your pending reservation request is approved. Please click to check it.", "created_time": "2023-04-18T03:19:03.937Z", "content_type": 11, "object_id": 11}}, {"model": "notifications.notifications", "pk": 39, "fields": {"receiver": 4, "content": "Your reservation has been terminated. Please click to check it.", "created_time": "2023-04-18T03:19:14.519Z", "content_type": 11, "object_id": 11}}, {"model": "notifications.notifications", "pk": 40, "fields": {"receiver": 3, "content": "You have a new comment on your property. Please click to check it.", "created_time": "2023-04-18T03:19:50.285Z", "content_type": 9, "object_id": 7}}, {"model": "notifications.notifications", "pk": 41, "fields": {"receiver": 4, "content": "You have a new reply on your property. Please click to check it.", "created_time": "2023-04-18T03:20:29.064Z", "content_type": 9, "object_id": 7}}, {"model": "notifications.notifications", "pk": 42, "fields": {"receiver": 1, "content": "You have a new reservation on your property. Please click to check it.", "created_time": "2023-04-18T03:38:58.548Z", "content_type": 11, "object_id": 13}}, {"model": "notifications.notifications", "pk": 43, "fields": {"receiver": 2, "content": "Your pending reservation request is approved. Please click to check it.", "created_time": "2023-04-18T03:39:19.395Z", "content_type": 11, "object_id": 13}}, {"model": "notifications.notifications", "pk": 44, "fields": {"receiver": 2, "content": "Your reservation has been terminated. Please click to check it.", "created_time": "2023-04-18T03:40:16.831Z", "content_type": 11, "object_id": 13}}, {"model": "notifications.notifications", "pk": 45, "fields": {"receiver": 1, "content": "You have a new comment on your property. Please click to check it.", "created_time": "2023-04-18T03:41:11.287Z", "content_type": 9, "object_id": 5}}, {"model": "notifications.notifications", "pk": 46, "fields": {"receiver": 2, "content": "You have a new reply on your property. Please click to check it.", "created_time": "2023-04-18T03:41:46.392Z", "content_type": 9, "object_id": 5}}, {"model": "comments.comments", "pk": 1, "fields": {"sender": 2, "content": "Good", "created_time": "2023-04-16T21:35:29.890Z", "comments": true, "base_comment": null, "rating": 4, "content_type": 9, "object_id": 2, "receiver": 1}}, {"model": "comments.comments", "pk": 2, "fields": {"sender": 1, "content": "Nice", "created_time": "2023-04-16T21:41:22.051Z", "comments": false, "base_comment": 1, "rating": null, "content_type": 9, "object_id": 2, "receiver": 2}}, {"model": "comments.comments", "pk": 3, "fields": {"sender": 1, "content": "comment", "created_time": "2023-04-17T21:24:38.863Z", "comments": true, "base_comment": null, "rating": 5, "content_type": 9, "object_id": 5, "receiver": 1}}, {"model": "comments.comments", "pk": 4, "fields": {"sender": 1, "content": "comments", "created_time": "2023-04-17T21:27:18.103Z", "comments": true, "base_comment": null, "rating": 5, "content_type": 9, "object_id": 2, "receiver": 1}}, {"model": "comments.comments", "pk": 5, "fields": {"sender": 1, "content": "nice", "created_time": "2023-04-17T21:35:07.164Z", "comments": false, "base_comment": 4, "rating": null, "content_type": 9, "object_id": 2, "receiver": 1}}, {"model": "comments.comments", "pk": 6, "fields": {"sender": 1, "content": "reply", "created_time": "2023-04-17T21:35:31.414Z", "comments": false, "base_comment": 4, "rating": null, "content_type": 9, "object_id": 2, "receiver": 1}}, {"model": "comments.comments", "pk": 7, "fields": {"sender": 1, "content": "reply", "created_time": "2023-04-17T21:35:48.379Z", "comments": false, "base_comment": 4, "rating": null, "content_type": 9, "object_id": 2, "receiver": 1}}, {"model": "comments.comments", "pk": 8, "fields": {"sender": 1, "content": "g", "created_time": "2023-04-17T21:46:19.926Z", "comments": false, "base_comment": 4, "rating": null, "content_type": 9, "object_id": 2, "receiver": 1}}, {"model": "comments.comments", "pk": 9, "fields": {"sender": 1, "content": "d", "created_time": "2023-04-17T21:49:02.120Z", "comments": false, "base_comment": 4, "rating": null, "content_type": 9, "object_id": 2, "receiver": 1}}, {"model": "comments.comments", "pk": 10, "fields": {"sender": 2, "content": "hi", "created_time": "2023-04-17T21:56:11.704Z", "comments": true, "base_comment": null, "rating": 5, "content_type": 9, "object_id": 3, "receiver": 1}}, {"model": "comments.comments", "pk": 11, "fields": {"sender": 1, "content": "hi", "created_time": "2023-04-17T21:56:47.943Z", "comments": false, "base_comment": 10, "rating": null, "content_type": 9, "object_id": 3, "receiver": 2}}, {"model": "comments.comments", "pk": 12, "fields": {"sender": 2, "content": "?", "created_time": "2023-04-17T21:58:46.087Z", "comments": false, "base_comment": 1, "rating": null, "content_type": 9, "object_id": 2, "receiver": 2}}, {"model": "comments.comments", "pk": 13, "fields": {"sender": 2, "content": "kk", "created_time": "2023-04-17T22:13:01.361Z", "comments": false, "base_comment": 1, "rating": null, "content_type": 9, "object_id": 2, "receiver": 2}}, {"model": "comments.comments", "pk": 14, "fields": {"sender": 4, "content": "why terminate", "created_time": "2023-04-18T03:19:50.283Z", "comments": true, "base_comment": null, "rating": 1, "content_type": 9, "object_id": 7, "receiver": 3}}, {"model": "comments.comments", "pk": 15, "fields": {"sender": 3, "content": "reply reply", "created_time": "2023-04-18T03:20:29.061Z", "comments": false, "base_comment": 14, "rating": null, "content_type": 9, "object_id": 7, "receiver": 4}}, {"model": "comments.comments", "pk": 16, "fields": {"sender": 2, "content": "comment2", "created_time": "2023-04-18T03:41:11.285Z", "comments": true, "base_comment": null, "rating": 5, "content_type": 9, "object_id": 5, "receiver": 1}}, {"model": "comments.comments", "pk": 17, "fields": {"sender": 1, "content": "replyy", "created_time": "2023-04-18T03:41:46.389Z", "comments": false, "base_comment": 16, "rating": null, "content_type": 9, "object_id": 5, "receiver": 2}}, {"model": "property.property", "pk": 2, "fields": {"owner": 1, "address": "ababa", "rating": 5.0, "available_start": "2023-04-16", "available_end": "2023-05-31", "amenities": "washer,wifi", "image_cover": "property/770ca8fb5ab6ee6e8dd33c21a9d48c0d1e1531fa.png942w_531h_progressive.png", "num_guest": 4, "description": "Nice place", "price": 200.0, "num_bed": 2, "num_bath": 4}}, {"model": "property.property", "pk": 3, "fields": {"owner": 1, "address": "ababa2", "rating": 5.0, "available_start": "2023-04-22", "available_end": "2023-04-24", "amenities": "washer,kitchen,heating", "image_cover": "property/11a8615e804a574e629fc672beaf352680a292e0.png942w_531h_progressive.png", "num_guest": 3, "description": "Something", "price": 120.0, "num_bed": 3, "num_bath": 3}}, {"model": "property.property", "pk": 4, "fields": {"owner": 1, "address": "place", "rating": 0.0, "available_start": "2023-04-17", "available_end": "2023-04-18", "amenities": "washer,kitchen,heating", "image_cover": "property/af2573ba81bfcd4e3ed33d03d2294be4f71b575b.png942w_531h_progressive.png", "num_guest": 2, "description": "cool", "price": 500.0, "num_bed": 2, "num_bath": 2}}, {"model": "property.property", "pk": 5, "fields": {"owner": 1, "address": "20 somewhere Street", "rating": 5.0, "available_start": "2023-04-18", "available_end": "2023-04-20", "amenities": "", "image_cover": "property/af2573ba81bfcd4e3ed33d03d2294be4f71b575b.png942w_531h_progressive_ZtDjOFa.png", "num_guest": 4, "description": "good", "price": 120.0, "num_bed": 3, "num_bath": 2}}, {"model": "property.property", "pk": 6, "fields": {"owner": 2, "address": "12", "rating": 0.0, "available_start": "2023-04-18", "available_end": "2023-04-21", "amenities": "washer", "image_cover": "property/48a5a78084fb80a4a03dd60d9140d13d28e24d3f.png942w_531h_progressive.png", "num_guest": 1, "description": "good", "price": 10.0, "num_bed": 1, "num_bath": 1}}, {"model": "property.property", "pk": 7, "fields": {"owner": 3, "address": "addr1", "rating": 1.0, "available_start": "2023-04-20", "available_end": "2023-04-22", "amenities": "wifi,air_cond,washer,heating,kitchen,dryer", "image_cover": "property/img2FRXB5SHNXQldGUWdWc0xsVFUxTXFBV0FpejllWVZJT21TbXhZekxNanp6ejJkcHZqWmhhYXBBPT0.jpg", "num_guest": 10, "description": "good place", "price": 1000.0, "num_bed": 7, "num_bath": 4}}, {"model": "property.property", "pk": 8, "fields": {"owner": 3, "address": "addr2", "rating": 0.0, "available_start": "2023-04-30", "available_end": "2023-05-05", "amenities": "air_cond,washer,wifi,dryer,heating", "image_cover": "property/11a8615e804a574e629fc672beaf352680a292e0.png942w_531h_progressive_Zr9Phj0.png", "num_guest": 2, "description": "single room", "price": 20.0, "num_bed": 1, "num_bath": 1}}, {"model": "property.property", "pk": 9, "fields": {"owner": 2, "address": "addr3", "rating": 0.0, "available_start": "2023-05-07", "available_end": "2023-05-31", "amenities": "wifi,heating,air_cond", "image_cover": "property/beaab7a727f7d179bb3da347f7362c19a453c0fa.png942w_531h_progressive.png", "num_guest": 4, "description": "abfakbfqa abvauobWa bwaffoubKV BEAVHKf abfkrlgab", "price": 400.0, "num_bed": 4, "num_bath": 2}}, {"model": "property.property", "pk": 10, "fields": {"owner": 2, "address": "address1", "rating": 0.0, "available_start": "2023-04-25", "available_end": "2023-04-30", "amenities": "air_cond,dryer,kitchen", "image_cover": "property/3d2ef10dfb003ff80d5eaa4c012b140040e926de.png942w_531h_progressive_PSHlLRU.png", "num_guest": 4, "description": "description description description description description description description description description description description description description description description description description description description description description description description description description description description description", "price": 60.0, "num_bed": 3, "num_bath": 2}}, {"model": "property.property", "pk": 11, "fields": {"owner": 2, "address": "address2", "rating": 0.0, "available_start": "2023-04-22", "available_end": "2023-04-30", "amenities": "", "image_cover": "property/16e35744fcd4dc3e67aecd5624be99ecfdf1259e.png942w_531h_progressive.png", "num_guest": 1, "description": "ajbdakfjbv,", "price": 70.0, "num_bed": 3, "num_bath": 2}}, {"model": "property.property", "pk": 12, "fields": {"owner": 4, "address": "property11", "rating": 0.0, "available_start": "2023-04-28", "available_end": "2023-04-30", "amenities": "heating,air_cond", "image_cover": "property/b0c812bd08354a87e67cbaea156c4842ebaabf32.png942w_531h_progressive_sV0fSfd.png", "num_guest": 5, "description": "agteayjehtwRGHTezymrsjaehtwrgHTeayrjethWRBSFGNayehtwgrqVBGNzhrmsynaethwBRFSGdzhmrsyneztbsFgdnzetbs", "price": 100.0, "num_bed": 3, "num_bath": 3}}, {"model": "property.propimage", "pk": 4, "fields": {"prop": 2, "image": "property/a8712303fc5ac585c2ef4909d818cdb068e16013.png942w_530h_progressive.png"}}, {"model": "property.propimage", "pk": 5, "fields": {"prop": 2, "image": "property/1ed2bfb336cf28bc62fa43bafab331a7f062e75f.png942w_531h_progressive.png"}}, {"model": "property.propimage", "pk": 6, "fields": {"prop": 2, "image": "property/3d2ef10dfb003ff80d5eaa4c012b140040e926de.png942w_531h_progressive.png"}}, {"model": "property.propimage", "pk": 7, "fields": {"prop": 3, "image": "property/b39bd1c2d61adff812df87044175378a7176339b.png942w_531h_progressive.png"}}, {"model": "property.propimage", "pk": 8, "fields": {"prop": 3, "image": "property/8327aa5829e04cd458d00c5eb76eeea7b1c15962.png942w_531h_progressive.png"}}, {"model": "property.propimage", "pk": 9, "fields": {"prop": 4, "image": "property/af2573ba81bfcd4e3ed33d03d2294be4f71b575b.png942w_531h_progressive_9s1r1CB.png"}}, {"model": "property.propimage", "pk": 10, "fields": {"prop": 5, "image": "property/b0c812bd08354a87e67cbaea156c4842ebaabf32.png942w_531h_progressive.png"}}, {"model": "property.propimage", "pk": 11, "fields": {"prop": 6, "image": "property/__ganyu_genshin_impact_drawn_by_qtian__sample-dd7cb0dd59d84e743724b5094102e39e_DzPUMvS.jpg"}}, {"model": "property.propimage", "pk": 12, "fields": {"prop": 6, "image": "property/Screen_Shot_2020-11-09_at_8.00.43_PM.png"}}, {"model": "property.propimage", "pk": 13, "fields": {"prop": 7, "image": "property/R2l5RGtEcElmSzM3dUZJWWVkWGY3bEgvVHYxWGM2RDNwbkIzSzRyQlZ4c3JuSDhkSVVQWlRRPT0.png"}}, {"model": "property.propimage", "pk": 14, "fields": {"prop": 7, "image": "property/bGlzMWo2T0pNY29pM3JGallVUDI5Y1pEQUR0bWdwTDk0RUg5eFloMWpnV2tRQmtlYlAwVWh3PT0.jpg"}}, {"model": "property.propimage", "pk": 15, "fields": {"prop": 8, "image": "property/e3449048d3f67da3ae1c717f775b004bd4267452.png942w_531h_progressive.png"}}, {"model": "property.propimage", "pk": 16, "fields": {"prop": 8, "image": "property/3306e728e1787d4dab1f44891644b749dbfc3e68.png942w_531h_progressive.png"}}, {"model": "property.propimage", "pk": 17, "fields": {"prop": 8, "image": "property/31a73df73b975f5d76e6572ea5ca8c7aceca65c8.png942w_531h_progressive.png"}}, {"model": "property.propimage", "pk": 18, "fields": {"prop": 8, "image": "property/b3dbe2480ab151523ee1f7d45ec619d45fd6bcab.png942w_531h_progressive.png"}}, {"model": "property.propimage", "pk": 19, "fields": {"prop": 9, "image": "property/515687d656f0d92bc6ee9f9ce89e518628023b85.png942w_531h_progressive.png"}}, {"model": "property.propimage", "pk": 20, "fields": {"prop": 9, "image": "property/4dfacc3f21bf654c76369ae0a00183c4d6bf0aaf.png942w_531h_progressive.png"}}, {"model": "property.propimage", "pk": 21, "fields": {"prop": 9, "image": "property/48a5a78084fb80a4a03dd60d9140d13d28e24d3f.png942w_531h_progressive_EzETZtV.png"}}, {"model": "property.propimage", "pk": 22, "fields": {"prop": 9, "image": "property/8327aa5829e04cd458d00c5eb76eeea7b1c15962.png942w_531h_progressive_Ehzhaxz.png"}}, {"model": "property.propimage", "pk": 23, "fields": {"prop": 10, "image": "property/647173a8a9bc476a581eb82aa671dfc3512f0309.png942w_531h_progressive.png"}}, {"model": "property.propimage", "pk": 24, "fields": {"prop": 11, "image": "property/beaab7a727f7d179bb3da347f7362c19a453c0fa.png942w_531h_progressive_AjzdVkk.png"}}, {"model": "property.propimage", "pk": 25, "fields": {"prop": 11, "image": "property/16e35744fcd4dc3e67aecd5624be99ecfdf1259e.png942w_531h_progressive_JuRoOpd.png"}}, {"model": "property.propimage", "pk": 26, "fields": {"prop": 11, "image": "property/770ca8fb5ab6ee6e8dd33c21a9d48c0d1e1531fa.png942w_531h_progressive_R4Pv1Wi.png"}}, {"model": "property.propimage", "pk": 27, "fields": {"prop": 12, "image": "property/fe96d458481b59ae8ce59499f38bf4352318c882.png942w_531h_progressive.png"}}, {"model": "property.propimage", "pk": 28, "fields": {"prop": 12, "image": "property/a8712303fc5ac585c2ef4909d818cdb068e16013.png942w_530h_progressive_scCFndg.png"}}, {"model": "property.propimage", "pk": 29, "fields": {"prop": 12, "image": "property/v2-ba7838a40ad14a097bdb6ea22a8015a4_1440w.jpg"}}, {"model": "property.propimage", "pk": 30, "fields": {"prop": 12, "image": "property/v2-b8ea31e042b2ef69fa73ffded70da631_1440w.jpg"}}, {"model": "reservations.reservations", "pk": 2, "fields": {"host": 1, "reserver": 2, "property": 2, "reserve_time": "2023-04-16T21:30:16.007Z", "price": 200.0, "start_day": "2023-04-16", "end_day": "2023-04-19", "status": "terminated", "notified": false}}, {"model": "reservations.reservations", "pk": 3, "fields": {"host": 1, "reserver": 1, "property": 3, "reserve_time": "2023-04-16T21:48:01.102Z", "price": 120.0, "start_day": "2023-04-22", "end_day": "2023-04-23", "status": "canceled", "notified": false}}, {"model": "reservations.reservations", "pk": 4, "fields": {"host": 1, "reserver": 1, "property": 2, "reserve_time": "2023-04-16T22:43:31.072Z", "price": 200.0, "start_day": "2023-04-29", "end_day": "2023-05-01", "status": "canceled", "notified": false}}, {"model": "reservations.reservations", "pk": 5, "fields": {"host": 1, "reserver": 1, "property": 5, "reserve_time": "2023-04-17T21:23:21.177Z", "price": 120.0, "start_day": "2023-04-19", "end_day": "2023-04-20", "status": "terminated", "notified": false}}, {"model": "reservations.reservations", "pk": 6, "fields": {"host": 1, "reserver": 1, "property": 2, "reserve_time": "2023-04-17T21:26:49.508Z", "price": 200.0, "start_day": "2023-04-20", "end_day": "2023-04-21", "status": "terminated", "notified": false}}, {"model": "reservations.reservations", "pk": 7, "fields": {"host": 1, "reserver": 2, "property": 3, "reserve_time": "2023-04-17T21:54:45.503Z", "price": 120.0, "start_day": "2023-04-24", "end_day": "2023-04-24", "status": "terminated", "notified": false}}, {"model": "reservations.reservations", "pk": 8, "fields": {"host": 1, "reserver": 2, "property": 2, "reserve_time": "2023-04-17T22:29:27.337Z", "price": 200.0, "start_day": "2023-04-22", "end_day": "2023-04-24", "status": "terminated", "notified": false}}, {"model": "reservations.reservations", "pk": 9, "fields": {"host": 2, "reserver": 2, "property": 6, "reserve_time": "2023-04-17T23:07:01.514Z", "price": 10.0, "start_day": "2023-04-19", "end_day": "2023-04-20", "status": "denied", "notified": false}}, {"model": "reservations.reservations", "pk": 10, "fields": {"host": 2, "reserver": 2, "property": 6, "reserve_time": "2023-04-17T23:29:04.923Z", "price": 10.0, "start_day": "2023-04-18", "end_day": "2023-04-18", "status": "denied", "notified": false}}, {"model": "reservations.reservations", "pk": 11, "fields": {"host": 3, "reserver": 4, "property": 7, "reserve_time": "2023-04-18T03:17:37.402Z", "price": 1000.0, "start_day": "2023-04-20", "end_day": "2023-04-21", "status": "terminated", "notified": false}}, {"model": "reservations.reservations", "pk": 12, "fields": {"host": 3, "reserver": 1, "property": 7, "reserve_time": "2023-04-18T03:18:23.173Z", "price": 1000.0, "start_day": "2023-04-22", "end_day": "2023-04-22", "status": "pending", "notified": false}}, {"model": "reservations.reservations", "pk": 13, "fields": {"host": 1, "reserver": 2, "property": 5, "reserve_time": "2023-04-18T03:38:58.538Z", "price": 120.0, "start_day": "2023-04-18", "end_day": "2023-04-18", "status": "terminated", "notified": false}}]